[{
  "_id": {
    "$oid": "5f89ab0253792d31b4008a56"
  },
  "title": "Ticket booking successfully: Ruben Brandt, Collector",
  "body": "Please check email to get ticket",
  "to_user": {
    "$oid": "5f6a22e3075f5b523f6085a4"
  },
  "reservation": {
    "$oid": "5f89aafd53792d31b4008a55"
  },
  "createdAt": {
    "$date": "2020-10-16T14:15:30.724Z"
  },
  "updatedAt": {
    "$date": "2020-10-16T14:15:30.724Z"
  },
  "__v": 0
},{
  "_id": {
    "$oid": "5f89b63d53792d31b4008a58"
  },
  "title": "Ticket booking successfully: Athlete A",
  "body": "Please check email to get ticket",
  "to_user": {
    "$oid": "5f6a22e3075f5b523f6085a4"
  },
  "reservation": {
    "$oid": "5f89b63b53792d31b4008a57"
  },
  "createdAt": {
    "$date": "2020-10-16T15:03:25.926Z"
  },
  "updatedAt": {
    "$date": "2020-10-16T15:03:25.926Z"
  },
  "__v": 0
},{
  "_id": {
    "$oid": "5f89b8e653792d31b4008a5c"
  },
  "title": "Ticket booking successfully: Spider-Man 2: Another World",
  "body": "Please check email to get ticket",
  "to_user": {
    "$oid": "5f6a22e3075f5b523f6085a4"
  },
  "reservation": {
    "$oid": "5f89b8e453792d31b4008a5b"
  },
  "createdAt": {
    "$date": "2020-10-16T15:14:46.069Z"
  },
  "updatedAt": {
    "$date": "2020-10-16T15:14:46.069Z"
  },
  "__v": 0
},{
  "_id": {
    "$oid": "5f89be9953792d31b4008a64"
  },
  "title": "Ticket booking successfully: A Perfect Plan",
  "body": "Please check email to get ticket",
  "to_user": {
    "$oid": "5f6a22e3075f5b523f6085a4"
  },
  "reservation": {
    "$oid": "5f89be9753792d31b4008a63"
  },
  "createdAt": {
    "$date": "2020-10-16T15:39:05.536Z"
  },
  "updatedAt": {
    "$date": "2020-10-16T15:39:05.536Z"
  },
  "__v": 0
},{
  "_id": {
    "$oid": "5f8c562b1fe3a100047831cf"
  },
  "title": "Ticket booking successfully: undefined",
  "body": "Please check email to get ticket",
  "to_user": {
    "$oid": "5f81d8aa143d55317849b693"
  },
  "reservation": {
    "$oid": "5f8c562b1fe3a100047831ce"
  },
  "createdAt": {
    "$date": "2020-10-18T14:50:19.756Z"
  },
  "updatedAt": {
    "$date": "2020-10-18T14:50:19.756Z"
  },
  "__v": 0
},{
  "_id": {
    "$oid": "5f8c7ec67b7074289062b41c"
  },
  "title": "Ticket booking successfully: A Dark Path",
  "body": "Please check email to get ticket",
  "to_user": {
    "$oid": "5f6a22e3075f5b523f6085a4"
  },
  "reservation": {
    "$oid": "5f8c7ec57b7074289062b41b"
  },
  "createdAt": {
    "$date": "2020-10-18T17:43:34.378Z"
  },
  "updatedAt": {
    "$date": "2020-10-18T17:43:34.378Z"
  },
  "__v": 0
},{
  "_id": {
    "$oid": "5f8c7f3b7b7074289062b41e"
  },
  "title": "Ticket booking successfully: Patients of a Saint",
  "body": "Please check email to get ticket",
  "to_user": {
    "$oid": "5f6a22e3075f5b523f6085a4"
  },
  "reservation": {
    "$oid": "5f8c7f3a7b7074289062b41d"
  },
  "createdAt": {
    "$date": "2020-10-18T17:45:31.668Z"
  },
  "updatedAt": {
    "$date": "2020-10-18T17:45:31.668Z"
  },
  "__v": 0
},{
  "_id": {
    "$oid": "5f8d89a27e06ef324889109f"
  },
  "title": "Ticket booking successfully: Stan the Man",
  "body": "Please check email to get ticket",
  "to_user": {
    "$oid": "5f6a22e3075f5b523f6085a4"
  },
  "reservation": {
    "$oid": "5f8d89a17e06ef324889109e"
  },
  "createdAt": {
    "$date": "2020-10-19T12:42:10.764Z"
  },
  "updatedAt": {
    "$date": "2020-10-19T12:42:10.764Z"
  },
  "__v": 0
},{
  "_id": {
    "$oid": "5f8d8bc7a60bd835d4acd772"
  },
  "title": "Ticket booking successfully: Stan the Man",
  "body": "Please check email to get ticket",
  "to_user": {
    "$oid": "5f6a22e3075f5b523f6085a4"
  },
  "reservation": {
    "$oid": "5f8d8bc6a60bd835d4acd771"
  },
  "createdAt": {
    "$date": "2020-10-19T12:51:20.133Z"
  },
  "updatedAt": {
    "$date": "2020-10-19T12:51:20.133Z"
  },
  "__v": 0
},{
  "_id": {
    "$oid": "5f8d8c67a60bd835d4acd774"
  },
  "title": "Ticket booking successfully: Death of a Ladies' Man",
  "body": "Please check email to get ticket",
  "to_user": {
    "$oid": "5f6a22e3075f5b523f6085a4"
  },
  "reservation": {
    "$oid": "5f8d8c66a60bd835d4acd773"
  },
  "createdAt": {
    "$date": "2020-10-19T12:53:59.369Z"
  },
  "updatedAt": {
    "$date": "2020-10-19T12:53:59.369Z"
  },
  "__v": 0
},{
  "_id": {
    "$oid": "5f8dab899b46b300043f45e8"
  },
  "title": "Ticket booking successfully: Road to Roma",
  "body": "Please check email to get ticket",
  "to_user": {
    "$oid": "5f6a22e3075f5b523f6085a4"
  },
  "reservation": {
    "$oid": "5f8dab899b46b300043f45e7"
  },
  "createdAt": {
    "$date": "2020-10-19T15:06:50.493Z"
  },
  "updatedAt": {
    "$date": "2020-10-19T15:06:50.493Z"
  },
  "__v": 0
},{
  "_id": {
    "$oid": "5f8fd16337274100043b662d"
  },
  "title": "Ticket booking successfully: Ulysses: A Dark Odyssey",
  "body": "Please check email to get ticket",
  "to_user": {
    "$oid": "5f6a22e3075f5b523f6085a4"
  },
  "reservation": {
    "$oid": "5f8fd16337274100043b662a"
  },
  "createdAt": {
    "$date": "2020-10-21T06:12:51.871Z"
  },
  "updatedAt": {
    "$date": "2020-10-21T06:12:51.871Z"
  },
  "__v": 0
},{
  "_id": {
    "$oid": "5f8fde5574071a00045dd431"
  },
  "title": "Ticket booking successfully: Spider-Man 2: Another World",
  "body": "Please check email to get ticket",
  "to_user": {
    "$oid": "5f6a22e3075f5b523f6085a4"
  },
  "reservation": {
    "$oid": "5f8fde5574071a00045dd42f"
  },
  "createdAt": {
    "$date": "2020-10-21T07:08:06.101Z"
  },
  "updatedAt": {
    "$date": "2020-10-21T07:08:06.101Z"
  },
  "__v": 0
},{
  "_id": {
    "$oid": "5f8fe08c74071a00045dd439"
  },
  "title": "Ticket booking successfully: Marvel Studios Cinematic Universe: A Chronology - Mark 16",
  "body": "Please check email to get ticket",
  "to_user": {
    "$oid": "5f6a22e3075f5b523f6085a4"
  },
  "reservation": {
    "$oid": "5f8fe08c74071a00045dd438"
  },
  "createdAt": {
    "$date": "2020-10-21T07:17:33.030Z"
  },
  "updatedAt": {
    "$date": "2020-10-21T07:17:33.030Z"
  },
  "__v": 0
},{
  "_id": {
    "$oid": "5f917752f0b5550a7c6078ff"
  },
  "title": "Ticket booking successfully: Ip Man 4: The Finale",
  "body": "Please check email to get ticket",
  "to_user": {
    "$oid": "5f6a22e3075f5b523f6085a4"
  },
  "reservation": {
    "$oid": "5f917751f0b5550a7c6078fd"
  },
  "createdAt": {
    "$date": "2020-10-22T12:13:07.276Z"
  },
  "updatedAt": {
    "$date": "2020-10-22T12:13:07.276Z"
  },
  "__v": 0
},{
  "_id": {
    "$oid": "5f917827a25d29341ce8bec7"
  },
  "title": "Ticket booking successfully: Ip Man 4: The Finale",
  "body": "Please check email to get ticket",
  "to_user": {
    "$oid": "5f6a22e3075f5b523f6085a4"
  },
  "reservation": {
    "$oid": "5f917825a25d29341ce8bec6"
  },
  "createdAt": {
    "$date": "2020-10-22T12:16:39.327Z"
  },
  "updatedAt": {
    "$date": "2020-10-22T12:16:39.327Z"
  },
  "__v": 0
},{
  "_id": {
    "$oid": "5f9178c32495891d2cacc435"
  },
  "title": "Ticket booking successfully: A Dark Path",
  "body": "Please check email to get ticket",
  "to_user": {
    "$oid": "5f6a22e3075f5b523f6085a4"
  },
  "reservation": {
    "$oid": "5f9178c22495891d2cacc434"
  },
  "createdAt": {
    "$date": "2020-10-22T12:19:15.880Z"
  },
  "updatedAt": {
    "$date": "2020-10-22T12:19:15.880Z"
  },
  "__v": 0
},{
  "_id": {
    "$oid": "5f917d9be8ee7b31d4ab1fec"
  },
  "title": "Ticket booking successfully: They Reach",
  "body": "Please check email to get ticket",
  "to_user": {
    "$oid": "5f6a22e3075f5b523f6085a4"
  },
  "reservation": {
    "$oid": "5f917d99e8ee7b31d4ab1feb"
  },
  "createdAt": {
    "$date": "2020-10-22T12:39:55.646Z"
  },
  "updatedAt": {
    "$date": "2020-10-22T12:39:55.646Z"
  },
  "__v": 0
},{
  "_id": {
    "$oid": "5f917f23e8ee7b31d4ab1ff2"
  },
  "title": "Ticket booking successfully: They Reach",
  "body": "Please check email to get ticket",
  "to_user": {
    "$oid": "5f6a22e3075f5b523f6085a4"
  },
  "reservation": {
    "$oid": "5f917f21e8ee7b31d4ab1ff1"
  },
  "createdAt": {
    "$date": "2020-10-22T12:46:27.110Z"
  },
  "updatedAt": {
    "$date": "2020-10-22T12:46:27.110Z"
  },
  "__v": 0
},{
  "_id": {
    "$oid": "5f91818be8ee7b31d4ab1ff4"
  },
  "title": "Ticket booking successfully: The Grinning Man",
  "body": "Please check email to get ticket",
  "to_user": {
    "$oid": "5f6a22e3075f5b523f6085a4"
  },
  "reservation": {
    "$oid": "5f91818ae8ee7b31d4ab1ff3"
  },
  "createdAt": {
    "$date": "2020-10-22T12:56:43.846Z"
  },
  "updatedAt": {
    "$date": "2020-10-22T12:56:43.846Z"
  },
  "__v": 0
},{
  "_id": {
    "$oid": "5f93e437dd82b80004e6678b"
  },
  "title": "Ticket booking successfully: All Day and a Night",
  "body": "Please check email to get ticket",
  "to_user": {
    "$oid": "5f6a22e3075f5b523f6085a4"
  },
  "reservation": {
    "$oid": "5f93e437dd82b80004e66788"
  },
  "createdAt": {
    "$date": "2020-10-24T08:22:16.302Z"
  },
  "updatedAt": {
    "$date": "2020-10-24T08:22:16.302Z"
  },
  "__v": 0
},{
  "_id": {
    "$oid": "5f944e815e2f28000477f129"
  },
  "title": "Ticket booking successfully: Paul Schrader: Man in a Room",
  "body": "Please check email to get ticket",
  "to_user": {
    "$oid": "5f6a22e3075f5b523f6085a4"
  },
  "reservation": {
    "$oid": "5f944e815e2f28000477f128"
  },
  "createdAt": {
    "$date": "2020-10-24T15:55:46.039Z"
  },
  "updatedAt": {
    "$date": "2020-10-24T15:55:46.039Z"
  },
  "__v": 0
},{
  "_id": {
    "$oid": "5f9460339df1cf2ab8078819"
  },
  "title": "Ticket booking successfully: Man on the Roof",
  "body": "Please check email to get ticket",
  "to_user": {
    "$oid": "5f6a22e3075f5b523f6085a4"
  },
  "reservation": {
    "$oid": "5f9460319df1cf2ab8078817"
  },
  "createdAt": {
    "$date": "2020-10-24T17:11:15.538Z"
  },
  "updatedAt": {
    "$date": "2020-10-24T17:11:15.538Z"
  },
  "__v": 0
},{
  "_id": {
    "$oid": "5f9468ae9df1cf2ab807881b"
  },
  "title": "Ticket booking successfully: A Fall from Grace",
  "body": "Please check email to get ticket",
  "to_user": {
    "$oid": "5f6a22e3075f5b523f6085a4"
  },
  "reservation": {
    "$oid": "5f9468ad9df1cf2ab807881a"
  },
  "createdAt": {
    "$date": "2020-10-24T17:47:26.548Z"
  },
  "updatedAt": {
    "$date": "2020-10-24T17:47:26.548Z"
  },
  "__v": 0
},{
  "_id": {
    "$oid": "5fa19fd250f15e24d4b08f37"
  },
  "title": "Ticket booking successfully: The Way I Love You",
  "body": "Please check email to get ticket",
  "to_user": {
    "$oid": "5f81d8aa143d55317849b693"
  },
  "reservation": {
    "$oid": "5fa19fd050f15e24d4b08f36"
  },
  "createdAt": {
    "$date": "2020-11-03T18:22:10.352Z"
  },
  "updatedAt": {
    "$date": "2020-11-03T18:22:10.352Z"
  },
  "__v": 0
},{
  "_id": {
    "$oid": "5fd0c25902f22d0004494b37"
  },
  "title": "Ticket booking successfully: The Catcher Was a Spy",
  "body": "Please check email to get ticket",
  "to_user": {
    "$oid": "5f6a22e3075f5b523f6085a4"
  },
  "reservation": {
    "$oid": "5fd0c25902f22d0004494b34"
  },
  "createdAt": {
    "$date": "2020-12-09T12:26:01.236Z"
  },
  "updatedAt": {
    "$date": "2020-12-09T12:26:01.236Z"
  },
  "__v": 0
},{
  "_id": {
    "$oid": "5fd225f0629c380004bb9ecd"
  },
  "title": "Ticket booking successfully: Captain Marvel",
  "body": "Please check email to get ticket",
  "to_user": {
    "$oid": "5f6a22e3075f5b523f6085a4"
  },
  "reservation": {
    "$oid": "5fd225f0629c380004bb9ecc"
  },
  "createdAt": {
    "$date": "2020-12-10T13:43:13.052Z"
  },
  "updatedAt": {
    "$date": "2020-12-10T13:43:13.052Z"
  },
  "__v": 0
},{
  "_id": {
    "$oid": "5fdb6b4b7781a70004f2ad54"
  },
  "title": "Ticket booking successfully: Art Paul of Playboy: The Man Behind the Bunny",
  "body": "Please check email to get ticket",
  "to_user": {
    "$oid": "5f6a22e3075f5b523f6085a4"
  },
  "reservation": {
    "$oid": "5fdb6b4b7781a70004f2ad53"
  },
  "createdAt": {
    "$date": "2020-12-17T14:29:32.142Z"
  },
  "updatedAt": {
    "$date": "2020-12-17T14:29:32.142Z"
  },
  "__v": 0
},{
  "_id": {
    "$oid": "5fdc182e342a0e0004fa3bca"
  },
  "title": "Ticket booking successfully: My Lover The Killer",
  "body": "Please check email to get ticket",
  "to_user": {
    "$oid": "5f6a22e3075f5b523f6085a4"
  },
  "reservation": {
    "$oid": "5fdc182e342a0e0004fa3bc6"
  },
  "createdAt": {
    "$date": "2020-12-18T02:47:10.408Z"
  },
  "updatedAt": {
    "$date": "2020-12-18T02:47:10.408Z"
  },
  "__v": 0
},{
  "_id": {
    "$oid": "5fdc2ff13f80eb0004e65ad5"
  },
  "title": "Ticket booking successfully: Love is Blind",
  "body": "Please check email to get ticket",
  "to_user": {
    "$oid": "5f6a22e3075f5b523f6085a4"
  },
  "reservation": {
    "$oid": "5fdc2ff13f80eb0004e65ad4"
  },
  "createdAt": {
    "$date": "2020-12-18T04:28:33.885Z"
  },
  "updatedAt": {
    "$date": "2020-12-18T04:28:33.885Z"
  },
  "__v": 0
}]