[{
  "_id": {
    "$oid": "5f68b34045ab693e24bd9d70"
  },
  "location": {
    "coordinates": [
      108.1861624,
      16.0666692
    ],
    "type": "Point"
  },
  "is_active": true,
  "rooms": [
    "2D 1",
    "2D 2",
    "2D 3",
    "2D 4",
    "2D 5",
    "2D 6",
    "2D 7",
    "3D"
  ],
  "name": "Galaxy - Đà Nẵng",
  "address": "Tầng 3, TTTM Coop Mart, 478 Điện Biên Phủ, Quận Thanh Khê, Đà Nẵng",
  "phone_number": "02363739888",
  "description": "Thành lập hơn mười năm, Galaxy Cinema đã trở thành một thương hiệu nổi tiếng, được cả nước biết đến. Ngày 23/9/2016, hệ thống rạp phim hàng đầu đã cập bến Đà Nẵng, hứa hẹn đem đến cho các bạn trẻ bên bờ sông Hàn một địa điểm vui chơi mới mẻ.",
  "email": null,
  "opening_hours": "9:00 - 23:00",
  "room_summary": "7 2D, 1 3D",
  "createdAt": {
    "$date": "2020-09-21T14:05:52.556Z"
  },
  "updatedAt": {
    "$date": "2020-11-02T10:36:54.624Z"
  },
  "__v": 0,
  "cover": "https://s3img.vcdn.vn/123phim/2018/09/galaxy-da-nang-15381083634317.jpg",
  "thumbnail": "https://i.ibb.co/k6B4mv4/60493220-2727687037245858-4681446895883649024-n.png"
},{
  "_id": {
    "$oid": "5f68b34045ab693e24bd9d71"
  },
  "location": {
    "coordinates": [
      108.2052573,
      16.0662866
    ],
    "type": "Point"
  },
  "is_active": true,
  "rooms": [
    "2D 1",
    "2D 2",
    "2D 3",
    "2D 4"
  ],
  "name": "Starlight Đà Nẵng",
  "address": "T4-Tòa nhà Nguyễn Kim, 46 Điện Biên Phủ, ĐN",
  "phone_number": "19001744",
  "description": "Quy mô 4 phòng chiếu phim hiện đại, sức chứa lên đến 688 ghế ngồi được thiết kế với phong cách hiện đại, đem lại cảm giác thoãi mái cho người xem.Ngoài ra phòng chiếu còn được trang bị hệ thống âm thanh Dolby 7.1 sống động, màn hình chiếu kĩ thuật 2D, 3D sắc nét đến từng phân đoạn.",
  "email": null,
  "opening_hours": "8:30 - 23:30",
  "room_summary": "4 2D",
  "createdAt": {
    "$date": "2020-09-21T14:05:52.557Z"
  },
  "updatedAt": {
    "$date": "2020-11-02T10:36:54.085Z"
  },
  "__v": 0,
  "cover": "https://s3img.vcdn.vn/123phim/2017/07/starlight-da-nang-14999290721876.jpg",
  "thumbnail": "https://s3img.vcdn.vn/123phim/2018/09/16b811ab4773065c15eb0e9be67527b3.png"
},{
  "_id": {
    "$oid": "5f68b34045ab693e24bd9d72"
  },
  "location": {
    "coordinates": [
      108.2291364,
      16.0347492
    ],
    "type": "Point"
  },
  "is_active": true,
  "rooms": [
    "2D 1",
    "2D 2",
    "2D 3",
    "2D 4"
  ],
  "name": "Lotte Cinema Đà Nẵng",
  "address": "Lotte Mart Đà Nẵng, Hải Châu, ĐN",
  "phone_number": "02363679667",
  "description": "Rạp chiếu phim Lotte Cinema Đà Nẵng nằm trên tầng 5 và 6 của khu trung tâm mua sắm Lotte Mart, nằm trên đường 2 Tháng 9 bên cạnh dòng sông Hàn thơ mộng và khu thể thao Tiên Sơn. Đây là một trong những rạp chiếu phim hiện đại đẳng cấp quốc tế thuộc hệ thống rạp chiếu Lotte Cinema của Hàn Quốc",
  "email": null,
  "opening_hours": "8:00 - 24:00",
  "room_summary": "4 2D",
  "createdAt": {
    "$date": "2020-09-21T14:05:52.557Z"
  },
  "updatedAt": {
    "$date": "2020-11-02T10:36:54.354Z"
  },
  "__v": 0,
  "cover": "https://s3img.vcdn.vn/123phim/2017/07/lotte-cinema-da-nang-14999146022923.jpg",
  "thumbnail": "https://s3img.vcdn.vn/123phim/2018/09/404b8c4b80d77732e7426cdb7e24be20.png"
},{
  "_id": {
    "$oid": "5fb48a02af7838000467ab0a"
  },
  "is_active": true,
  "rooms": [
    "2D 1"
  ],
  "address": "Q. Thanh Xuân, TP. Hà Nội",
  "cover": "https://firebasestorage.googleapis.com/v0/b/datn-ca929.appspot.com/o/theatre_images%2F7d23c9db-e288-4f1f-9450-140e1d86cb7e?alt=media&token=19b98c66-3581-4518-9b97-d8c8f1a53ebf",
  "description": "123",
  "email": "t@gmail.com",
  "location": {
    "type": "Point",
    "coordinates": [
      105.83416,
      21.06
    ]
  },
  "name": "Test 1",
  "opening_hours": "8:30 - 23:30",
  "phone_number": "0363438135",
  "room_summary": "1 2D",
  "thumbnail": "https://firebasestorage.googleapis.com/v0/b/datn-ca929.appspot.com/o/theatre_images%2F9959539f-6b00-430b-a24f-40e6932dbb6f?alt=media&token=b93ba91f-e69d-47c1-9dcc-b4e14ce9957b",
  "createdAt": {
    "$date": "2020-11-18T02:42:10.565Z"
  },
  "updatedAt": {
    "$date": "2020-11-18T02:42:10.565Z"
  },
  "__v": 0
},{
  "_id": {
    "$oid": "5fb48a93af7838000467abc4"
  },
  "is_active": true,
  "rooms": [
    "2D 1"
  ],
  "address": "123 TP Hồ Chí Minh",
  "cover": "https://firebasestorage.googleapis.com/v0/b/datn-ca929.appspot.com/o/theatre_images%2F020c2877-ab7e-4d37-84af-ea2d0f253b76?alt=media&token=7a0b4201-397b-4618-9c13-416e6c03b3ad",
  "description": "123",
  "email": "t@gmail.com",
  "location": {
    "type": "Point",
    "coordinates": [
      106.660172,
      10.77
    ]
  },
  "name": "Test 2",
  "opening_hours": "8:30 - 23:30",
  "phone_number": "0363438135",
  "room_summary": "1 2D",
  "thumbnail": "https://firebasestorage.googleapis.com/v0/b/datn-ca929.appspot.com/o/theatre_images%2F03fb7cc3-04cf-424e-92ea-ccdf5260bdc1?alt=media&token=24a78831-b62d-4c5a-ac66-e4fe54c3c786",
  "createdAt": {
    "$date": "2020-11-18T02:44:35.900Z"
  },
  "updatedAt": {
    "$date": "2020-11-18T02:44:35.900Z"
  },
  "__v": 0
}]